,SRX9895140,SRX9895141,SRX9895142,SRX9895143,SRX9895144,SRX9895145,ERX5015785,ERX5015786,ERX5015787,ERX5015788,ERX5015789,ERX5015790,ERX5015791,ERX5015792,ERX5015793,ERX5015794,SRX2492746,SRX2492747,SRX2492748,SRX2492749,SRX2492750,SRX2492751,SRX11490741,SRX11490742,SRX11490743,SRX11490744,SRX11490745,SRX11490746,SRX11490747,SRX11490748,SRX11490749,SRX11490750,SRX11490751,SRX11490752,SRX8102890,SRX8102891,SRX8102892,SRX8102893,SRX8102894,SRX8102895,SRX8102896,SRX8102897,SRX8102898,SRX8102899,SRX8102900,SRX8102901,SRX9848492,SRX9848493,SRX9848502,SRX9848503,SRX9848504,SRX9848505,SRX14927069,SRX14927070,SRX14927071,SRX14927072,SRX14927073,SRX12668170,SRX12668171,SRX12668172,SRX12668179,SRX12668183,SRX12668188,SRX12668189,SRX12668194,SRX12668195,SRX12668196,SRX12668200,SRX12668201,SRX12668204,SRX12668207,SRX12668208,SRX12668210,SRX12668211,SRX12668212,SRX12668213,SRX12668214,SRX12668215,SRX12668216,SRX12668217,SRX12668219,SRX12668220,SRX12668222,SRX12668223,SRX12668225,SRX12668226,SRX12668227,SRX12668228,SRX12668229,SRX12668231,SRX12668232,SRX12668234,SRX12668235,SRX12668236,SRX12668237,SRX12668239,SRX12668240,SRX12668241
0,0.7811848036734695,-0.29221063823929366,-0.4889741654342214,-1.5773337798747191,-1.0118127224595932,-3.7458262132042326,1.7995786021916187,-1.79957860219163,-1.1826178035067827,-1.6102063542951575,-4.176244922425798,-6.418784322898521,-6.973227457265447,-4.49594884076074,0.41571879779500637,-3.077182648405661,-0.17746008127769008,-0.01615846361237699,0.19361854489007554,1.0778286045239163,-0.8892385268180489,-0.8547741669329932,0.40888205567889796,-0.5845208517921622,0.17563879611326114,-3.6006297849801343,-4.5974615915257635,-5.119690692914827,3.1311571797795623,3.5293176762477674,2.9133672968426203,2.5470339762634056,2.9519162955744545,2.3717761686565795,0.04618994249714725,0.3410586010118377,14.386462683378305,22.13099697340952,-0.38724854350897536,37.60596609066307,40.95865228866025,38.71968404375983,6.631900076011493,4.6161651463859,3.616967407256549,13.091229728421894,1.0739859458626868,-1.2771316855552557,0.20314573969255603,-2.692890823911075,-0.8649563386420858,-0.9536494515200767,-2.0343074240799313,-1.670490513532273,-2.920454728433301,-0.1066273807267772,0.1066273807267744,-0.10493058632754187,-0.6359309419221922,-0.5184155238570564,-1.479051874176772,0.49008093151262133,-0.7520338827472789,-0.9694659909087537,0.1049305863275392,2.383574757006377,0.36951066099620206,0.5226777669750631,-1.850470275436925,-0.2286133974872203,-0.7791222795064119,-1.9564164042859817,-1.8451409480851388,-0.6061219045129785,0.2519584790350428,2.0998509007408503,3.465985682649483,11.099376080634427,15.936158161479952,16.522788876800398,1.662125547411027,0.39785074952529303,-0.5735407649456788,-0.8857946525600643,0.14486388683806917,2.9464129278340514,7.88104832832704,10.838422023084773,12.901282360028441,1.57816811279376,2.8509069988066,2.7095767788285445,1.1948176436301117,1.809471410078836,2.3740364304008152,7.242877529119322,10.452180260690847,14.665798279423088
1,1.5300249414481042,-1.9188080943692563,0.38878315292114607,2.1090397489135495,1.7592760806121255,1.6749225344140277,0.23222680481952282,-0.23222680481951927,-15.504135267116567,-17.319464116187415,-8.67767971147644,-6.903080470082491,-7.639690649766317,-8.160171847896084,-7.3727493209227974,-6.295792123339598,-1.6392077851374307,0.5704791632304531,1.0687286219069607,-7.119688281647536,-1.6274385420332245,-2.77090403417866,-1.9440946402903954,1.4111020367347349,0.5329926035556527,-4.980930826759366,-0.37431275022604654,0.36289140230258105,3.3097565674188507,-0.7308836926736809,-0.8409668238589303,1.5429695694869532,6.1183109224566605,4.536182821255438,0.6483770130591314,-0.059588267940243425,10.59149541617201,14.059842330358316,-0.5887887451188867,11.14898698024864,10.50956227919307,13.984838685854964,1.4749805872186534,1.4088366345487133,1.8848783234744,9.269908393682568,0.4037490284342061,0.554653825373866,-0.9584028538080775,-4.643646448173806,-5.624437840408864,-2.3345011846028867,-1.4172577963401125,-2.195537614985624,-0.280562435404203,0.8975076575928331,-0.8975076575928312,0.3853924994782578,0.6606872766302482,-0.8361076850812285,-0.5815326686437549,0.5015359947264435,-1.2829730352420452,-0.2558072176063405,-0.3853924994782606,-1.4162101679307946,-2.4573076806418483,-0.9241230944015579,1.0391859571785715,-2.758554226804691,3.390120794948898,11.799275914062605,11.81121264445355,12.720801916051373,10.569452221913503,11.239215968635573,12.48303574767677,8.76654921187012,5.888200847262077,3.4365382920447307,-1.9628526623266307,0.4143955228712916,4.275493697899247,7.7074100498022275,7.867535898147026,8.309149407058356,4.8964838368049515,0.5576838940432356,2.438262375628456,-0.6032608042090385,0.02089379063043103,2.735852359974265,5.94320734284199,6.991308715796686,8.977421084634845,6.135376432975616,1.7901589419554695,0.753737013294375
2,0.03644101471599879,0.43044427138995095,-0.46688528610595287,2.188230132337353,2.1980932416154255,0.4407024543620591,-1.223574040048521,1.2235740400485218,-4.609028752554125,-4.007151987667058,-4.021491325368273,-2.167840417325145,-1.3333571876802468,-2.5234875534535526,-2.8421760368416655,-0.07627032717579196,0.06857665283955276,0.2807920843818552,-0.34936873722141243,1.1074700134889799,0.20314504648202664,1.3573219870723257,12.405449886797463,-7.5300925947286395,-4.875357292068823,-4.664166343840641,-4.820811616833571,-0.5129573541725491,-3.311439687918811,-2.380796040214198,0.813866891717243,0.047980771856462115,1.3468836602867666,1.6689475363625632,1.187405916373283,-0.29220431631240495,0.4592984377614095,-1.5466634725224016,-0.8952016000608827,0.4924611009345376,-2.3127208788907923,-2.579048274108067,1.1052227953771026,0.4855857368079462,-0.9376719396833825,1.8144270552569763,-2.290175601452392,0.9629741185771296,1.3272014828752616,1.6880936358488665,1.416357322142488,1.26335405192309,3.7072498699962018,3.6579804946708476,2.386671679107355,0.6087119792267423,-0.6087119792267447,-0.29543696338169434,-0.17253270616434113,0.053582778057494014,-1.261070866379878,-0.8863265715412062,-0.4833138301030816,0.28977728966157973,0.2954369633816914,1.236887548514503,-0.26944913954719857,0.8629552005969708,-0.46397666547746147,0.6963519133471384,0.12046936928331675,-0.32960635362564106,-0.4173244382828342,-1.2233802860409015,-1.9030819796043803,-0.7403201562492189,-1.278101030846031,-1.8291053144404907,-1.1939759200875657,-1.5182486507800281,0.5376230699839365,-0.17876024889906506,-0.647269507038603,-0.9639929660348155,-0.6062544106647121,-0.059122003047984435,-1.344159469885122,-0.5273272344513589,-0.4590634068801254,-1.5264001564018252,0.2273530276594924,0.9259997891950645,-0.4477707051077487,0.053547978368909364,-1.738769016197087,-2.4280286331652343,-0.18974376009605778,-0.40664148693103963
3,0.15203216527512717,0.32354129500736867,-0.47557346028245306,-0.3443983825798256,-1.2981739405000574,26.12341637543937,-0.9698936588964644,0.969893658896454,3.217044239094881,3.706132716191632,2.1964365376237764,0.9054408957522593,4.534820097487108,2.9044762905326063,4.325625307743237,3.852369103150025,-0.019388246128234393,0.5971749538758957,-0.5777867077476616,-3.6678056780491373,-0.6601089832927723,0.0721283062518138,0.15883040630955172,-0.3199473328759767,0.16111692656643067,0.4728854940463021,0.5035848120958039,0.4189383033870761,0.06638615436735117,0.5116996509527628,0.34579839019499636,2.166220437114762,2.0526371886319215,2.6926288187737257,0.5429016295710053,0.2530883432076534,-0.8727496841569795,-4.164214591374568,-0.795989972778662,-4.706298900735138,-7.016847481955649,-5.291890438356978,1.5185605845942411,1.0534338533376162,-0.1410663163483315,0.2410728690429549,0.30301721340118337,-0.08795317415223708,-0.21506403924894094,-1.3016655236875354,-1.6380622241189038,-2.27200338775034,-1.9956500246265454,-1.9403326527919478,-1.7042287220578842,0.7198135981322709,-0.7198135981322648,0.40426785795603465,0.3080506935234161,0.9687671303210885,0.20321014087777442,4.450620023775296,4.826984282046098,3.8804734821298537,-0.4042678579560334,0.39696127450403595,-0.4604460769295283,-0.1837238077257604,-0.2679280523501785,0.7734034728768634,0.5074833443430966,-0.5005865729367485,0.14090038507965524,0.17590202920663855,0.4819370257114063,-0.07063692905273096,0.3844452715568416,-1.0414742586540038,-1.57387536657623,-0.6296325938602898,1.0622764237681608,1.690801085712041,0.393544925853112,0.221060899417996,-0.9529505897671758,0.44909461960544333,0.9123908869772709,-0.16515094478680162,-1.101032475677136,0.36021980748163157,1.0837261929928774,0.8375095722819743,0.9390918652545424,0.7720750427702857,-0.45816019254957546,-0.5970745641582222,-2.022722337989881,-1.002136682362814
4,2.19706912552688,-2.3335915158686187,0.13652239034174618,-5.602077233954667,-7.016642317651239,-1.7303729908433296,-0.3440006645783107,0.34400066457832795,-4.781882657071121,-4.065052099854288,-2.374230682972036,-8.50713711164285,-3.482408577922464,-2.969524316683699,-2.770684873035461,-2.3668977093290744,-3.425697976048223,10.964666461063304,-7.538968485015087,-4.712934664393361,-4.840664641648109,-12.925469741463345,0.12010388287518454,0.009708165596176925,-0.12981204847135672,-0.23650533699746576,-0.9663994232268756,-1.1073881977226396,-1.2007483503866805,-0.8176138417951913,-0.4655556537645481,-1.0120578957226207,-1.4158313939251619,-1.2812041103512086,0.10422061590916963,-0.20151289683349632,1.759217317511823,2.4448931926836304,0.09729228092432246,-1.6274992792207899,-1.667612890307879,-0.5272523089624481,4.280028215972079,4.1785177562218685,5.045316481524344,0.252488537087316,-0.948181384901504,0.6799119917275085,0.2682693931739909,3.97567724959441,4.015117242925926,4.841844530586572,-2.9024607749635862,-3.2038180996593555,-4.103580107527092,-0.6828770983759764,0.6828770983759707,0.1894274311351931,0.2868459415745409,-0.15803439604977815,0.044823699017690434,1.7487113903720681,1.5818430436150352,1.4358630745552794,-0.18942743113519442,-1.034401104021908,-0.8308999407232831,-0.7026794344276722,0.6041155587466773,0.20039229830886993,1.9622872563603533,1.4366075137097067,0.4973234300679335,1.0622845203748634,0.37355088650672025,1.9465865342249768,0.47710232001780156,0.2332125927855491,1.24750850420621,-0.5866875754353399,1.4447806107305374,1.3668785085722939,1.14566165032371,-0.2567147651188776,0.7641749017193242,0.6303344704591719,0.40365107335565087,1.0096633648377864,1.8990272127699706,-0.4252507112543719,-0.43693615413816544,-0.9868184748615118,-0.134858468872609,0.12800144167333818,-0.22208751599677273,-1.0357763348873918,-1.2250400011779512,0.9258422181614151
5,0.5572752512086543,-0.5765523740939675,0.019277122885346845,-26.69687963274659,-26.042840511773687,-19.718704720729974,-0.6138688002357088,0.6138688002357168,4.343446039821836,7.012075286155523,-3.832897911500645,-1.3848652237715224,-3.732702480660858,-1.6058470279164894,-5.976039971815115,-6.286345336501806,2.1333829660501853,-3.4030647021927756,1.2696817361425876,6.294158573929154,4.21851844123485,5.116330991675988,0.6956025856444954,-2.384475626757755,1.6888730411132682,-0.13746826142453544,-0.5348062771298734,-0.046286327120719985,-2.297749033716129,-1.426528521019904,0.3322992918476587,1.6866988953342414,2.7752048045993227,3.9716576246694126,-1.2046366340188996,0.43370704065216753,6.336780165085755,6.378707438646913,0.7709295933667255,13.379955391313601,16.990874144135233,12.323883812942848,0.4311145395970208,1.2594088189834103,1.751843205406852,6.308727855793248,0.7036613089474237,-0.08187120949190119,-0.6217900994555228,6.486959742366371,5.842779750180736,5.428508636293318,-8.591290567312132,-6.253479490442998,-8.326651745349125,0.6537034177766049,-0.6537034177766065,-0.05104955813050107,-0.1753500941498467,0.05363794909868344,2.031698393256487,0.7693646458254154,0.1964074847695462,0.36445361010795674,0.05104955813049889,-0.32806641716030166,-0.5108676388523341,-0.11111720235984517,0.11578314213033715,0.24278619210834762,2.270769922511087,0.643237212796416,0.7224952111432414,0.9219571618111527,1.743511340018933,1.5414177459578662,4.3088427846671165,1.9079759400917686,2.321049256410005,7.6158248415722705,-0.3469155375049429,-0.5446962514927441,-0.7725240333416643,0.1870170816288618,0.13148467831332047,2.312973820403503,1.43453211636084,2.107047073691769,4.477576914036566,0.5235401922203408,0.3419120286500236,-1.8920097922789025,-0.452753829222266,-0.3277728385774296,0.9772390978200127,2.7149419232454672,1.4205994467507288,2.4419590447396815
6,-0.37435004145178885,-0.11396799182784471,0.4883180332796448,0.2732659152762896,0.365395637388264,0.9253595544571095,-0.8496505863388204,0.8496505863388073,-1.302140124905992,-1.6607976227258123,-1.967967770866079,-1.1582980250772699,0.6644823065212273,-0.277595480298138,-1.0123112689016205,-1.4327220978702817,0.6871562661401859,-0.8824490451266085,0.19529277898640937,2.114721314148699,2.916730843302419,3.4214445858385596,-0.16077864729885813,-0.1849666620708388,0.34574530936969267,-0.6937776673180845,1.4754567883384297,0.7066689305300764,1.2437158576732004,0.8334902797659798,0.37746240858468627,0.8530272894772246,1.1745652198630103,1.8383935213223435,-0.17804678473204263,-0.1120459667209033,-26.850869085290512,-27.187867232874897,0.2900927514529406,-3.954566418321012,-4.722078770453693,-6.252713884671749,-28.05085144747939,-27.89687256124245,-27.589669270762833,-25.761756635287206,0.5235877337799223,-0.676994123084787,0.15340638930487016,13.669050999227832,13.222448249487002,14.143856599617466,2.047434445089147,1.3487059898808083,0.48781168157551824,-0.29945232703576624,0.2994523270357672,-0.5905202049344365,0.05958082704695704,-1.0448755093398232,-0.45917386448622927,-1.1804238660024158,-0.508803761984205,-1.4193309284313387,0.5905202049344375,0.2469051257027435,0.22837483676649295,-1.1561195271253584,0.02862581217795868,-0.6869421197593946,-0.12252479822046569,0.2508628591027691,0.7774465560898963,0.9009448320709672,0.1734798864630456,0.15981171575762923,0.0895971442407031,1.8216570409738297,5.17426780917385,8.314853634339189,0.06012863160439896,0.22296428965485085,-0.454933191374195,0.9197752824116356,1.280379110848238,2.129867770252278,2.3934862162518837,3.4963654511555786,4.46435579637911,0.20477577088019971,0.08123826636729299,0.6853810985691109,1.0166515159429805,1.3329085578508097,1.0340886817250554,2.012254419546474,2.7233141792136757,5.243544165498935
7,0.46107396861399397,-0.857583989684823,0.39651002107080907,0.665431960693384,0.3742405677885885,0.2949039523179353,-0.8198598409126009,0.8198598409125961,-0.9271069332444002,0.4667196617021525,3.3595440171394393,0.2797267383447825,3.6440576373893454,4.570329109644556,5.813238720044182,5.406066727004092,1.1003457788442281,-1.087933111524044,-0.012412667320189611,-0.5825459100719548,-1.780494029406355,-1.9842996909179909,0.5228267851109846,-0.691486432959865,0.16865964784886742,0.05441284143814098,-0.3057167430490058,0.015489898148157029,1.4277765669279479,0.7564860997691626,2.47635364827758,3.356148022113846,2.5680052732038114,3.438978221531503,0.552503145746147,0.39685106695315353,6.519260496345732,5.563700834655326,-0.9493542126993002,8.7220457979973,8.117735135550637,10.493427808876733,-1.0042406476034988,1.5277816998215588,2.9535691749587185,4.050981838381506,-5.156754834957156,3.3820847952465685,1.7746700397105837,7.092255356927223,5.973719845088185,5.453229350472074,-2.8800004265044015,-1.1436611786748632,-1.2452272826634334,-0.6425473630428513,0.6425473630428542,-4.296921639382304,-1.1152304268569448,-4.039390679436879,-2.667688403516459,-0.7553742323334209,7.392145691963407,-0.11726576729625571,4.296921639382307,12.204114913902881,12.473401784701027,10.492639223516107,15.672335847229776,-5.838451596730087,-2.9381664778782066,5.535448740149966,1.977539136868823,2.0880115986385857,6.315524416696384,-3.0262579144860293,2.009130363222613,-3.3878658865646467,-3.554660017594324,2.8246170258404586,-2.737763807023222,3.027877991837302,1.3992815070240505,2.5037599855470587,8.255762996498008,0.35429253748578654,-1.765414535212397,-2.079220015170267,8.329948830164945,6.828339526538043,16.122284663627944,1.9043957150196373,-0.43990726164610794,3.2685415443663293,3.7339292373521697,0.5863206622742103,5.448545877209062,8.24330969356091
8,-0.9301047210342956,1.3783608730873416,-0.44825615205303726,-1.6095752310564273,-1.7847664629924176,-0.8828829878758203,0.7071310604585734,-0.7071310604585801,4.046308262606501,0.35026021621254727,3.364224048436562,5.761328600074547,1.1655803983732789,-1.075449179824301,-0.00634511075563285,0.6633613672897283,-2.141174943575311,3.5101023165019694,-1.3689273729266507,-0.7893249419362282,0.8340695408842259,1.5447034119405183,0.7052700911744678,-0.511515612501814,-0.19375447867265044,-4.361484720332361,-5.709199116239668,-4.06914016607306,-25.828040112851497,-26.330978758882498,-26.60428460243327,-21.11165672015147,-21.3763848123347,-21.420682697518473,0.5070758255093127,0.16364853570016705,-3.2060380868095795,-4.686767406933359,-0.6707243612094773,-3.2993263621900906,-2.2866856844348313,-6.327773776726304,0.43017101803062174,-0.10990457886290957,-0.7616261239140723,-2.1304176769472365,1.5640886985302933,-0.942432613246421,-0.6216560852838697,2.1808959598861493,1.3596881507152105,-0.3052781997031938,0.1222367897920921,-0.5083170594282955,0.570701914239477,-0.1904871350536832,0.19048713505368614,-0.09293379753604604,0.2685350082861093,0.24979860158003814,0.2041031039984392,-0.2698092329449874,0.577539619750603,-0.8807948595582037,0.09293379753604922,0.37850921055751496,0.20975965819472767,0.4996830481219934,0.09853070675031769,-0.8733973668944793,-1.4402817017258527,-2.1786725427729006,-1.3755589875652052,-1.1440750916785156,-0.9371170929196072,-1.6234100019054984,-2.3003527621495654,-1.793218055507561,-1.7554611852480642,-1.2086322692675844,0.343376338969449,0.7404382226813452,-0.21445997741280215,0.2478432300288203,0.5492820112386033,0.36409129020081293,1.0204231946958338,1.4980221359559467,0.2461594957000066,0.7219024190554684,0.856314828805882,-0.013775279020202716,1.1284665238328329,-0.12900374367157974,-0.02051444978035276,0.1662376091154628,0.6342796598798767,1.306402310160577
9,-0.9628638625851065,0.45199393780068237,0.5108699247844352,2.1594985336850536,1.7532259007300575,3.317211411331406,-0.0820028523951139,0.0820028523951159,-5.932412935315103,-8.073157376544119,-6.66189158887289,-6.76896320252557,-5.619934213690056,-6.276173494084746,-6.780628543052942,-4.330805604534195,1.378138474648522,-2.009474331940754,0.631335857292211,3.0111184944605505,3.90829885804078,4.912693080381121,-0.6793371398515242,0.058235171608622356,0.6211019682428928,0.9412613983537477,0.875810493665466,-0.39979349332848485,4.785011857378688,4.752489837515912,4.83757905375041,6.300732641751434,5.911187543740109,5.374654079108203,0.18938494837151926,-0.18232194656775136,-13.558567801467674,-4.136473790639489,-0.007063001803774274,-4.584889697401915,-8.770585569102487,-8.068033942334354,-1.143979130171563,0.20352448512916307,0.8637022313093078,-19.30668820668519,0.5367979187963992,0.09170628845114556,-0.6285042072475483,20.987287582243283,19.588313901174008,21.775252409837044,-0.7533986720108359,0.15007682835788988,1.0614995747707758,0.22385556575318535,-0.22385556575318485,-0.08498711417313658,0.07632314752979735,-0.5043687791296128,-0.8372293316554702,0.1631100669994393,-1.4048971395943104,-0.5601151699238689,0.08498711417313361,1.2504377380331553,0.016452941961010627,-0.04660311567154966,-0.1313157368686781,-0.4257257558206033,-0.02918344919391811,2.0335875275893813,3.336854102274543,5.051169390294473,6.743271284363988,6.86863101170474,8.938358124283065,9.99593982177495,10.738841888883776,10.749400769986721,-0.44240194793380666,0.5266087114925684,3.235514376548279,5.092311507734919,7.128828294803725,9.062283947977617,9.44014844195774,9.720619891164207,10.703693102741983,0.5965220715464654,2.528896556153576,6.216429391105751,5.260110886087971,5.939056948347051,7.158367771551987,10.314206803101253,10.375091199155712,11.41029921672877
10,0.4377059527940692,-0.5992391948653362,0.1615332420713026,0.8758690401088757,0.4529685767208441,1.5923466582686294,-0.18487248944121404,0.18487248944121062,-0.35759438029936097,0.7548488791397538,6.297600118976336,11.804546030283033,15.605068774621168,19.691980254357375,17.9969238297885,19.087890153563734,1.4264746244077218,-0.22349196309242816,-1.2029826613152823,2.129247762600491,1.2033943120619757,1.1156648540170238,0.8335189245998081,0.5434252807471148,-1.3769442053469192,-17.971858688321987,-18.74197341934162,-19.987798539461636,-5.9640678307377355,-3.261210644371035,-3.9255042098488078,-20.017010659717027,-22.06105052538667,-21.02688988580676,-1.2521855242831983,0.5664361204495895,-5.740351656453811,-5.562831019164544,0.6857494038336053,-10.123461580751023,-12.723790200981876,-5.362664205961527,-3.733641991288684,-1.2076137445895332,0.5931481994025355,-5.747479091013357,1.5494107164905828,-0.46130645772017315,-1.088104258770397,6.034156777380417,5.738679684168169,5.196914565619915,-14.969237727639625,-13.5287196001761,-12.324412925547986,-0.6369618729717558,0.636961872971757,-0.22321973605117823,-0.10246577407276808,-0.8641586134778643,0.8423276220212891,1.4070845015041566,0.020387883846990067,1.0627769671195395,0.22321973605118253,2.8683869145027217,-0.23232997610513795,2.550690519818164,1.5781487751830607,1.893055812575669,-1.1358780229553458,2.7342142022093725,-1.600832949135735,-0.2378156329698886,-1.81880736964991,-4.142820518012608,-3.7266703748027714,-9.111106601696202,-11.631703319189441,-13.11700346742178,0.30541771784330424,-0.1633655373359377,-1.307798197939382,-0.8467366407331987,-5.555944003698131,-8.015217851844943,-9.808180156280969,-12.990681188001734,-11.976502769300048,2.373912234271761,2.831223553174323,4.205727175808908,0.17374229295340057,-1.3969965093449757,-1.4981427261322475,-5.754871773486617,-8.505182567782674,-11.399891888080441
11,-3.153662081545506,3.274939124994179,-0.1212770434486886,1.4838606252405588,1.7253200225630267,-1.149220149199212,-0.2209613369015056,0.2209613369015124,-16.008752319418324,-16.262023516010746,-18.96379719973492,-14.959524545395997,-23.080732139192097,-24.7616819650398,-13.145901842468007,-17.37432549254831,1.4991374218163367,0.0752624798871953,-1.5743999017035322,-0.2533635565179041,-2.6185858935139916,-3.695835901586986,-0.23568182557444312,0.022684534329446053,0.2129972912450068,3.5469945955759483,1.3630426042388248,2.9079975400760336,-5.378668593947188,-5.603889903135779,-6.486402853474638,-3.4963079724644177,-3.885858702569391,-4.269666296044984,-3.601534645256947,-0.3433749064214183,-2.666066017054264,-3.2206830904910966,3.94490955167837,22.12820478350441,28.417342021398717,10.500530300269242,-3.0330489387028865,0.11521963964824866,2.6538652795343256,-2.930991455604301,-1.7264897666259327,1.06777205863765,0.6587177079882777,-5.557096877016043,-5.371755729090252,-5.030131630150046,14.28852608328998,14.315171202100652,10.625978819145118,-1.05227197956712,1.0522719795671176,-0.44576355884877195,0.0490336978591105,0.6506111263268008,1.1447338170691526,-3.6278457166836784,-0.9173943993581718,-2.0454102972151986,0.44576355884877294,0.8544150879966327,2.4072251890291216,2.060471028475774,2.0854843225582957,1.3157323953890228,-1.0327974834868554,-2.535767023505201,-4.775630842888381,-0.9522770090310639,-1.6447534050221706,-6.622325844765078,-7.634924705653306,-9.221702578049081,-5.814621043074804,-0.978052848079174,-1.5733422789588114,-2.6789704196394237,-3.5788426427247466,-6.536362172003032,-8.071126771511564,-5.1931973968276886,-7.638529104054735,-6.293199743776435,-3.7510287701604152,-0.05315626467608314,0.5651707439217024,-9.889332069462176,-1.4504508477628706,-1.827206266118396,-2.767547998998259,-4.2912293092047005,-3.7313062266509474,-1.6965954476528984
12,1.2145396988928603,-1.1795213950802192,-0.035018303812671,-2.7916040972562417,-2.711221605256839,-3.16077570546746,1.36907037656738,-1.3690703765673822,-4.937037281307166,-5.924226515056875,-5.629999184901585,-5.6500578850421315,-4.203450495337191,-4.2204688556253105,-0.25833970407240936,-0.11015319957987561,3.6025220997825635,-6.91735230564469,3.3148302058621244,-10.692490467596762,-18.555708136309036,-20.894807378068734,-0.5478624821523405,0.12393567121101348,0.4239268109413279,-0.1675957644615416,-0.5974144169698689,-0.5408155464801143,-0.7494395214139092,-0.7657291707224436,0.4077702307598256,1.0012732958910442,1.5356510321746561,1.6973837334117527,-0.12045847086378249,0.23935862525147866,0.32675645993000685,0.9369700894891174,-0.11890015438769402,-3.663470323908535,-5.328243554326722,-0.016014063196361193,4.301591929148866,2.546779194025618,2.440622104016463,0.19505315412232446,1.3017484108284236,-0.9139088762786872,-0.3878395345497404,-4.42187016395783,-3.469449963139146,-3.248035957931918,-0.2558643998489105,-0.0863243396404625,-0.42981425092296943,0.02911119190900824,-0.029111191909008568,-0.09509558379800157,0.14904896441158558,-0.1324460800358964,0.2575427364387634,0.572035878708855,0.8124559439441968,0.8471194493821979,0.09509558379800115,0.8576357022357297,0.9703897945530158,0.11800981370261056,-0.7155833697673724,0.42932422723161395,-0.4966401593396625,1.0867504424630843,0.37281771031699484,0.2134726501782695,0.455545389269727,1.088907798457751,1.8433764023231316,5.46787926861216,8.059386260176696,9.622846481253,-0.5441285518784056,-0.058278617027722086,0.8580352768804754,-0.38780757920207554,0.22167389114603142,1.7802865583261618,3.0639089947500677,6.007217643266532,6.891909478925852,0.09500885111897282,0.17189497464824566,-0.3074151218503369,0.2685334497531249,0.8044038664222717,1.3491480092813193,3.38931496065231,5.284134634387823,6.160144185881851
13,-1.0274731416112857,1.0772001229712513,-0.04972698135994876,-3.3727394422195296,-2.9273407194970513,-1.9249324434947426,0.7206900081454282,-0.7206900081454276,1.5244953135622359,0.6400015617611023,25.579882253819537,30.752298327579915,30.957305165421136,32.261238522548176,20.411873728885393,22.508149491433805,0.3641742849888155,-0.32108663622808076,-0.043087648760727015,1.5249713844637338,-1.2324218149710662,-0.5546596653256483,1.5545493077001635,0.6697775108791261,-2.224326818579306,-1.8920658085615725,-0.8673385116362503,-0.9031724717832839,4.257524807705624,2.2656216575052235,1.0299110477856663,-0.546362021447388,-0.2004285546276607,-0.42676633769172134,1.1883749471775553,0.2375127173951761,3.015506265949546,1.277913477313023,-1.42588766457273,4.42955927539988,3.932799364296309,2.919920301853244,1.812554579967122,0.8575349303307562,-0.5606391091699372,2.6468096416219655,-0.36780261580586576,0.029034218178366177,0.33876839762750793,0.5306607489123627,-0.16344593818707892,0.8086862431409858,2.546254883454331,0.9770150213233889,0.8185847879399922,-0.8011084733831219,0.8011084733831254,0.1812903303879745,-0.31295517221827096,0.8505435018733997,1.029183706997767,0.11743971378567788,1.1825370862806006,1.0840296513194876,-0.1812903303879678,-0.48840070808202996,0.20924451087872042,1.112916835924702,1.4354085129480034,1.092957973279181,1.867120631048341,-0.4271359212969869,2.51800360646198,1.7014287945219306,2.4150887323677237,5.39948485164462,2.8781464926957954,2.5676047383751643,0.3144737751516772,-1.3245270022713467,0.48774685946075813,-0.2566096512945095,1.0025475652517115,1.6966150107696536,2.866523054702048,3.292629008069122,2.0319204580510357,2.6320455090663217,-0.6255083218510498,-0.5804520521314436,-0.4972825846213526,5.7098440398844295,0.6126700344155727,1.6040350427707213,0.657487567039804,0.7309961051173398,0.45001374810184624,-0.571050901382112
14,-1.3408854455674237,1.687133373907352,-0.34624792833994433,3.1358137107980695,3.794657638463392,5.41318015714231,-0.16508541822473394,0.16508541822472125,6.7644425109562984,7.227946594369216,6.943164445309822,5.658842453656384,5.50499418308747,5.144447563452619,-5.102881154994219,-4.544020997194428,-0.17571657119600065,2.2085025496497024,-2.0327859784536995,0.8670131880122111,-0.6454604489718712,1.2857422004262125,0.5829600152429687,-0.22927697230760033,-0.35368304293536845,1.337142108483996,1.6350697055547305,-0.5971842788127394,-0.4442826943174464,-0.7547488760702101,-0.5933656116804886,0.21468196693147587,-0.3698071046933114,-0.7093908709801987,-10.196168617754086,1.7936469161386837,-8.524803441914056,4.339669359861112,8.402521701615392,-12.906514762868019,-14.814990572950592,-0.7940204754593932,-11.426783078502718,-5.994450103148668,-2.906717415151332,-5.776460269328136,-0.6562909047673172,0.19706642061078777,0.45922448415653017,-0.9951450371994902,-2.5131894879826064,-0.4404206939698202,4.001862016037984,2.690104898411964,3.0729189858220924,-0.8324977066926452,0.8324977066926489,0.5993412782660874,0.3503986079648616,0.3537707633243363,0.16020453798040055,-1.2546569367731317,-0.523623331128235,-1.172534721672012,-0.5993412782660849,0.4308973595916216,0.7874254561005405,-0.7154624898015733,-0.4214964252251488,-1.179758286970892,-1.2581715994552447,-2.0429297790495133,-0.6182613792497855,-0.3479560840936714,0.060936456578704015,-3.0484215175555907,-3.4662803855806255,-5.15077196091631,-6.808854507642,-9.42173404836567,-1.0613640579490686,-0.14551822572515646,0.6988157171669119,-0.19211347859545608,-0.3491790020164245,1.9194459041056593,1.0464429188656363,-0.38950356484741055,-3.548638428738375,0.08500065896576714,0.8405125726158407,-2.727740716729562,1.533853159351163,1.5353101107002323,1.1525487441960065,1.2071561716517456,0.6961289914997806,-2.0002554829133983
15,0.6777296234563466,-0.058873769623081766,-0.6188558538332709,-0.6232702384717127,-1.5553391912876084,-0.8736945063307052,-0.020011150879575428,0.02001115087957729,2.53867079864555,2.0574067412991033,5.4169812889235,3.7566971057750593,1.7552430513821073,3.3691953920420437,2.759682517265439,2.085223363829761,-1.122156110953763,0.8128071640447502,0.3093489469090032,-3.27889555451821,1.836612176602955,-1.2404159753037494,0.06882277513308342,-3.1918811817361252,3.1230584066030374,2.3225222186741354,1.3435666785719405,-1.6336522141257377,-12.1773137635707,4.312209976136808,4.3178292104837475,1.2032321680023097,3.661289457689414,5.032984751311966,-0.29510619572397956,0.35896169741384043,2.0582823728620157,2.8260807245987953,-0.063855501689862,2.9732050770648817,5.66051957694367,4.149324935566756,-3.520683154608387,-0.17925903463567655,0.3288373898760659,0.11172215834476905,-2.872823389753331,2.617307565168058,0.25551582458527117,1.994294326792593,0.9841435172693739,0.7564332524000565,2.8805165358396363,2.249425659859982,2.7829795260954353,-0.010523319972286942,0.010523319972286725,0.7507763219097201,0.6675904408913879,-0.3144905254172054,0.5089930367103659,1.5408933210186366,-0.4352416222869108,-0.5940713173332755,-0.75077632190972,1.3157037642737512,-1.6174190816073981,0.28314899170275376,0.2069455728608878,-0.9398704062402896,-0.09256930701647502,3.0870695536667236,1.9525585643778258,4.473718089371841,3.4164020014338576,-0.027071846572804197,2.9236909667030186,3.009767446288717,2.280275070550557,1.8558274434456694,-0.40908773661212433,-0.26793087883315586,1.1024277884948879,2.162001104218421,2.4054122673051443,3.248588619864581,4.943531193553352,1.3862799854431342,2.1659962862807625,0.7894333299964207,2.4569351278617018,-0.8783673126184014,2.9477337364488663,2.163819081591056,4.436642672316244,4.298121391786578,2.30040758386154,2.8984418538068004
16,-2.930621364722516,3.609659762591996,-0.6790383978694711,-7.370026638630464,-6.647398967082212,-6.12928587885583,-2.361967803967209,2.3619678039672185,-20.21370784704025,-20.794004395328137,-13.630558420568555,-8.999537269932913,-3.8213902740024115,-3.0793899215184055,15.433047539393192,16.126100958818743,2.330659907747584,-1.6707597248615875,-0.6599001828859988,7.702139611028714,2.0204200454201575,1.3859589463118398,1.397600794617549,0.20103751636173692,-1.5986383109792746,-0.7191094620234137,-0.6033117163510959,-1.928986909446387,6.056507635216892,6.240431789594726,6.113584868005716,2.7643264899899767,1.4815666865157417,0.6874652532761067,4.510900565674406,0.2625801356410936,-1.4158422847857681,3.6371758566153263,-4.773480701315498,-11.565769677660453,-17.49026895835563,-0.46631093419740177,0.24537300214948815,-2.522377619437895,-6.561201812884918,0.4653222569909717,0.12250717666387909,-0.6854765404996928,0.5629693638358155,-6.525484502169378,-5.568382289947117,-6.756152297668023,-9.698272774266563,-8.558863466593799,-7.756259079445536,-0.0426499931171981,0.042649993117196465,0.7948152894012062,0.5806105702826566,1.596636818853817,0.5077223275727347,-1.7216425519168097,-0.5864390570205947,-1.4474090603556797,-0.7948152894012057,-0.9110739375643976,0.6269611847280949,-0.651667163533602,-0.5749094067903847,-1.3744643634995652,1.617128841782902,-0.17480899686929224,4.440443011533884,3.7057109963630284,3.206704436162226,7.518193358485167,3.129024875339108,-0.7679815989502168,-5.766084622414075,-8.785338327572955,-1.3617191840855256,-0.6798670368465127,1.9664127556996485,4.117195232407319,4.7562615568199025,1.5374344952173689,-0.2907721339207332,-2.547351441834328,-8.882668868963206,-2.599442732653791,-0.4285694247490417,10.85273232357487,2.378390974412991,1.9692269338946362,0.4400534746365748,-1.3768458504839123,-4.1617572649540335,-7.369184952943075
17,-1.3420848130890224,1.4710216953960717,-0.12893688230701955,-1.4677658868650276,-1.2836892497831254,0.7844126821806109,-0.20740709561015125,0.20740709561015058,-0.3400740273562148,-4.483037030518226,7.86986733706679,2.3850385371821132,0.5848548918992366,-1.0251653771486595,-1.9099261776858238,-2.6720365154317665,-1.0947077418901208,2.3622739618382185,-1.2675662199480884,-2.7406308839566207,0.26850325684512005,-1.3562587271597442,0.6509831737029033,-0.045896765815785216,-0.6050864078871202,0.08202112576407974,-0.10814708643487982,-0.8456777150196517,-2.609851268011925,-0.2572352638981554,0.01835407408131731,-4.570336562885515,-5.573676872873143,-7.166532937756092,1.155721336584812,-0.07817326092333769,-3.494112089377889,-10.378647125811659,-1.0775480756614704,-14.848174290376441,-23.56241212839478,-14.8410446279741,0.10557392153731855,-1.435603762845689,-2.697747039356466,-1.4749765851598113,3.5079775340280297,-2.161588649670517,-1.346388884357503,-7.811753180050723,-7.243727999797968,-8.314379349056336,1.4090359944642248,0.21820145209241137,1.8663184645444657,-0.7700191893316394,0.7700191893316363,0.7657949542318702,4.3412920356019455,-1.6080787041271885,-1.908202204727768,-2.184247746649855,-3.5525008756271266,-5.483755640288308,-0.7657949542318683,12.320187343400113,4.42063117534986,1.6026318707280085,-0.5690802905543974,-5.898384432294797,-7.1641796379557166,-6.29227044887804,-8.99763365478937,-5.527338382647097,-7.77466854703459,-6.977665372215699,-10.999006582597064,-10.93059538660347,-12.755059416161957,-13.530948040596378,-1.757949264386875,2.543597555372222,-4.3943209426419925,-5.041775744775203,-4.98018346153036,-10.467410730097669,-4.163592888503746,-9.347726169865878,-13.475898043826154,9.03703644785197,14.671508537329395,-0.17464463869257316,4.849729000334167,-0.5966920057145788,-5.688490909689773,-6.797379926920887,-9.725344691348498,-11.236998154408548
18,-0.98154947251076,0.4676416455202582,0.5139078269904819,1.605954476825854,2.1132346066821115,3.8953922155433545,-0.08649688535527318,0.08649688535527675,3.4080000895549074,3.008032220942001,2.53357005084466,1.3595583179217385,4.095975866943744,4.526507621772404,4.628047573411938,4.398030608228765,-2.544352250683025,1.2507928698632276,1.2935593808197856,-8.538386930826126,-6.005915522700009,-9.485264116584414,1.654004629897571,-1.150754787882222,-0.5032498420153391,-0.9960206376309925,-3.818222393953428,-2.781128717612926,-6.407726162935739,-6.006621030019218,-4.689223822102592,-12.130556071744147,-16.236404929457688,-14.192594505615267,-0.274229123160652,-0.1286074248821011,7.324620360554142,10.070176539976204,0.40283654804275576,23.529666306491315,24.01458061407935,10.112564267512482,-2.9673219102903965,-1.4622280820911597,-0.13860844823774482,7.711084918328358,-0.2393978664597053,0.6862717307997662,-0.4468738643400618,-0.37832801657159415,-0.30286112746293914,-0.9229659554734112,-6.031470321580631,-4.877887297823693,-5.184072834962865,0.6277852053652654,-0.6277852053652624,-0.03784325801600252,0.10655461052386718,-0.433004585354736,0.48601507994771437,-1.6219688073693566,-2.2296640085949657,-2.360127681249321,0.0378432580160028,0.10382380489022851,0.6583579889338544,-0.35589907865254716,-0.9117631639555444,-0.5080770726218145,-0.7737575525945666,-1.411284518323962,1.0057854131577393,1.1960419747788555,2.86446788869688,2.1865008710617477,3.806215586078008,3.0934320912914735,-0.32710679169924933,-4.087383086226871,-0.8730421894921204,0.2534358411012736,1.8798795152931693,3.6487828098728836,4.6475235159465145,6.155485665064625,6.453605991567412,3.820141269892244,0.01800968891411365,0.08749647817201511,0.4060464078868674,3.3990126436548884,3.5336688370582476,4.283850353405167,4.727221106186342,7.958331182759505,5.471246038432719,1.1830009522291638
19,0.30530457683423795,-0.03442927068424913,-0.2708753061500408,0.020819123301030716,0.4795702205648594,-1.2620823362087084,-0.0388961813788844,0.03889618137886189,-17.448544797122317,-18.11495557813714,-14.283180473995802,-8.02285544172584,-7.830517027032392,-8.87254827766858,2.336278217526684,2.7982927363621584,-0.799878183941069,0.24901472544902858,0.5508634584919915,7.4237426453154765,8.93027535038322,8.375190257823846,0.38129187007082804,0.5092472129809145,-0.8905390830517341,-0.27134303445602515,-0.8873246276236001,-1.6060499753668993,11.678111967086926,11.676315486419455,10.607964369252867,3.9236467108125392,3.868355478276066,2.526156031744623,0.2529616088150698,-0.2863339351308666,7.115350551944237,6.938943600181877,0.03337232631579819,10.979209285851633,12.047754196841499,8.612842281930956,-1.6979494797652974,-0.2941066874156933,0.051298536822085884,7.511858694711597,-1.166264577333207,0.8361985545441878,0.33006602278901076,-3.194171161571488,-2.1660671609803672,-2.888095922246679,6.086846986801682,6.505015221499929,5.4915905267260365,-1.3982107047073076,1.3982107047073062,-0.28181786022213695,0.2561775280550788,-0.1387245672648572,-0.04507295494884031,-1.4189474072387487,-0.6293128494343156,-0.552132997237125,0.2818178602221297,-0.1520621601702436,2.7655600938711267,0.36545709308425445,0.7880335157065312,-1.5835432212675173,1.733830022056296,2.501994855106616,7.715929015980509,8.899823570435027,11.807234699547418,13.750087365931547,18.68909508508262,29.120515917129595,36.50298578548444,39.40532548090881,-0.9782899432995136,0.7975866755473824,4.163718548649815,7.421072080885863,13.64920815011498,16.973749549213117,22.19006871682009,29.059057217971674,34.80716203630682,-0.41157302454007694,2.650535638199283,7.621045366436062,6.783127155535639,8.5973026338182,11.643267197897176,20.392513182783695,26.3049759583164,33.01411333222001
